epoch,train_loss,step,valid_loss
0,0.06428486853837967,49,
0,0.05618957057595253,99,
0,0.051971327513456345,149,
0,,187,0.04964892566204071
1,0.04803963378071785,199,
1,0.047117237001657486,249,
1,0.04567914456129074,299,
1,0.044867418706417084,349,
1,,375,0.045603927224874496
